{
    "avg_by_category": {
        "Footwear": 60.25542570951586,
        "Clothing": 60.025331030512376,
        "Accessories": 59.83870967741935,
        "Outerwear": 57.17283950617284
    },
    "key_corr_prev": 0.008063412270587633,
    "key_corr_age": -0.010423647378686554,
    "discount_boost": -1.4158957933543381
}